קטגוריה,תת קטגוריה ,קטגוריה ספציפית
מוצרי חלב,יוגורט ומעדני חלב,מעדני חלב
מוצרי חלב,יוגורט ומעדני חלב,"לבן, אשל ושמנת חמוצה"
מוצרי חלב,יוגורט ומעדני חלב,יוגורט פרי ויוגורט בטעמים
מוצרי חלב,יוגורט ומעדני חלב,יוגורט ומעדנים
מוצרי חלב,יוגורט ומעדני חלב,יוגורט ומשקאות מועשרים בחלבון 
מוצרי חלב,יוגורט ומעדני חלב,מעדנים ללא לקטוז
מוצרי חלב,"חמאה, מרגרינה ושמנת",שמנת וקצפת
מוצרי חלב,"חמאה, מרגרינה ושמנת",חמאה ומרגרינה
מוצרי חלב,משקאות חלב,משקאות חלב
מוצרי חלב,משקאות חלב,חלב דל לקטוז
מוצרי חלב,משקאות חלב,חלב עיזים וכבשים
מוצרי חלב,משקאות חלב,תחליפי חלב
מוצרי חלב,גבינות,גבינה צהובה
מוצרי חלב,גבינות,מוצרלה
מוצרי חלב,גבינות,גבינה מלוחה
מוצרי חלב,גבינות,גבינה לבנה וקוטג'
מוצרי חלב,גבינות,לאבנה וגבינות רכות
מוצרי חלב,גבינות,גבינת שמנת ומותכת
מוצרי חלב,גבינות,גבינות קשות ומיוחדות
מוצרי חלב,גבינות,גבינות עיזים וכבשים
"סלטים, ממרחים וביצים",ממרחים ומתבלים מצוננים,סלטי חומוס
"סלטים, ממרחים וביצים",ממרחים ומתבלים מצוננים,אריסה וסחוג
"סלטים, ממרחים וביצים",ממרחים ומתבלים מצוננים,סלטי טחינה
"סלטים, ממרחים וביצים",ממרחים ומתבלים מצוננים,ממרחים ומטבלים נוספים
"סלטים, ממרחים וביצים",סלטים מצוננים,סלטי כרוב
"סלטים, ממרחים וביצים",סלטים מצוננים,סלטי דגים
"סלטים, ממרחים וביצים",סלטים מצוננים,סלטי ירקות
"סלטים, ממרחים וביצים",סלטים מצוננים,סלטי חצילים
"סלטים, ממרחים וביצים",ביצים,ביצים
"פירות, ירקות ופיצוחים",פיצוחים ופירות יבשים,פיצוחים קלויים
"פירות, ירקות ופיצוחים",פיצוחים ופירות יבשים,פיצוחים טבעיים
"פירות, ירקות ופיצוחים",פיצוחים ופירות יבשים,מנצ'ס - נשנושים
"פירות, ירקות ופיצוחים",פיצוחים ופירות יבשים,מסוכרים ומצופים
"פירות, ירקות ופיצוחים",פיצוחים ופירות יבשים,פירות יבשים
"פירות, ירקות ופיצוחים",פירות,פירות טריים
"פירות, ירקות ופיצוחים",ירקות,ירקות טריים
"פירות, ירקות ופיצוחים",ירקות,ירקות ארוזים
"פירות, ירקות ופיצוחים",ירקות,עשבי תיבול
בשר ודגים,עוף ובשר קפוא,עוף קפוא
בשר ודגים,עוף ובשר קפוא,בשר קפוא
בשר ודגים,בשרים על האש,שיפודים וסטייקים
בשר ודגים,בשרים על האש,קבב
בשר ודגים,בשרים על האש,המבורגר
בשר ודגים,עוף טרי,עוף טרי שלם ארוז
בשר ודגים,עוף טרי,חזה עוף ופרגיות
בשר ודגים,עוף טרי,כרעיים ושוקיים
בשר ודגים,עוף טרי,חלקי עוף נוספים
בשר ודגים,דגים,דגים טריים
בשר ודגים,דגים,דגים קפואים
בשר ודגים,בשר בקר וכבש טרי,בשר טחון
בשר ודגים,בשר בקר וכבש טרי,נתחים
בשר ודגים,נקניקיות ונקניקים,נקניקיות
בשר ודגים,נקניקיות ונקניקים,נקניק
בשר ודגים,נקניקיות ונקניקים,פסטרמה וסלמי
בשר ודגים,נקניקיות ונקניקים,קבנוס
משקאות,משקאות קלים,מים וסודה בטעמים
משקאות,משקאות קלים,משקאות קלים
משקאות,משקאות קלים,משקאות מוגזים
משקאות,משקאות קלים,"מיץ טבעי ומצונן, נקטר פירות"
משקאות,משקאות קלים,משקאות אישיים
משקאות,תרכיזים,סירופ ותרכיזים
משקאות,יינות,מיץ ענבים - תירוש
משקאות,יינות,יינות מבעבעים
משקאות,יינות,יינות לבנים
משקאות,יינות,יינות אדומים
משקאות,אלכוהול ואנרגיה,סיגריות וטבק
משקאות,אלכוהול ואנרגיה,משקאות חריפים
משקאות,אלכוהול ואנרגיה,בירות 
משקאות,אלכוהול ואנרגיה,משקאות אנרגיה
משקאות,משקאות חמים,קפה שחור
משקאות,משקאות חמים,קפה נמס 
משקאות,משקאות חמים,קפסולות ופולי קפה
משקאות,משקאות חמים,שוקו חם וסחלב
משקאות,משקאות במארזים,משקאות קלים במארזים
משקאות,משקאות במארזים,משקאות מוגזים במארזים
משקאות,משקאות במארזים,מים וסודה במארזים
משקאות,תה וחליטות,חליטות וחליטות קרות
משקאות,תה וחליטות,תה ירוק
משקאות,תה וחליטות,תה שחור
אורגני ובריאות,תחליפי גבינה וטופו,תחליפי גבינה
אורגני ובריאות,תחליפי גבינה וטופו,טופו
אורגני ובריאות,מזון ותוספים,תוספי חלבון
אורגני ובריאות,מזון ותוספים,ויטמינים
אורגני ובריאות,ללא גלוטן,מוצרים ללא גלוטן
אורגני ובריאות,נטול ומופחת סוכר,מוצרים מופחתי סוכר
אורגני ובריאות,נטול ומופחת סוכר,חטיפים ומתוקים מופחתי סוכר
אורגני ובריאות,נטול ומופחת סוכר,ממתיקים
אורגני ובריאות,אורגני וטבעוני,מוצרים אורגניים
אורגני ובריאות,אורגני וטבעוני,מוצרים טבעוניים
אורגני ובריאות,תחליפי בשר,תחליפי בשר יבשים
אורגני ובריאות,תחליפי בשר,תחליפי בשר קפואים
קפואים,"פיצות, מאפים ובצקים קפואים",בורקסים ופיצות
קפואים,"פיצות, מאפים ובצקים קפואים","קובה, סיגרים ופסטלים"
קפואים,"פיצות, מאפים ובצקים קפואים",בצק קפוא
קפואים,"פיצות, מאפים ובצקים קפואים","מלוואח, ג'חנון ומוצרי בצק"
קפואים,"ירקות, פירות וצ'יפס קפואים",ירקות קפואים
קפואים,"ירקות, פירות וצ'יפס קפואים",פירות קפואים
קפואים,"ירקות, פירות וצ'יפס קפואים",צ'יפס וטבעות בצל
קפואים,"ירקות, פירות וצ'יפס קפואים",תבלינים קפואים
קפואים,אוכל להכנה מהירה,מוצרים צמחוניים מוכנים
קפואים,אוכל להכנה מהירה,מוצרי בשר מוכנים
קפואים,אוכל להכנה מהירה,מוצרי עוף מוכנים
קפואים,אוכל להכנה מהירה,מוצרי דג מוכנים
קפואים,גלידות וארטיקים,גלידות משפחתיות ומאגדות
קפואים,גלידות וארטיקים,גלידות וארטיקים בודדים 
מוצרי יסוד ותבלינים,תבלינים,סוכר ומלח
מוצרי יסוד ותבלינים,תבלינים,תבלינים במיכל
מוצרי יסוד ותבלינים,תבלינים,תבלינים בשקית
מוצרי יסוד ותבלינים,תבלינים,תיבולים למזון
מוצרי יסוד ותבלינים,"שמן, חומץ ומיץ לימון",שמנים צמחיים
מוצרי יסוד ותבלינים,"שמן, חומץ ומיץ לימון",שמן זית
מוצרי יסוד ותבלינים,"שמן, חומץ ומיץ לימון",חומץ ומיץ לימון
בישול ואפייה,מוצרי אפייה,תערובת ובסיס לעוגה ומאפים
בישול ואפייה,מוצרי אפייה,"ג'לי, סירופ ופודינג"
בישול ואפייה,מוצרי אפייה,עזרי אפייה וקישוטים
בישול ואפייה,"דבש, ריבה וממרחים",דבש וסילאן
בישול ואפייה,"דבש, ריבה וממרחים",טחינה גולמית וחלבה
בישול ואפייה,"דבש, ריבה וממרחים",חמאת בוטנים
בישול ואפייה,"דבש, ריבה וממרחים",ריבות
בישול ואפייה,"דבש, ריבה וממרחים",ממרחי שוקולד
בישול ואפייה,"דבש, ריבה וממרחים",ממרחים נוספים
בישול ואפייה,מרקים ותבשילים,אבקת מרק
בישול ואפייה,מרקים ותבשילים,תבשילי אינסטנט ומנה חמה
בישול ואפייה,מרקים ותבשילים,שקדי מרק וקרוטונים
בישול ואפייה,קמח ופירורי לחם,קמח לבן
בישול ואפייה,קמח ופירורי לחם,קמחים נוספים
בישול ואפייה,קמח ופירורי לחם,פירורי לחם
שימורים ורטבים,רטבים,קטשופ ומיונז
שימורים ורטבים,רטבים,רוטב צ'ילי
שימורים ורטבים,רטבים,רוטב סויה
שימורים ורטבים,רטבים,רוטב לסלט
שימורים ורטבים,רטבים,רוטב לבישול
שימורים ורטבים,רטבים,רוטב עגבניות
שימורים ורטבים,שימורים,שימורי עגבניות ורסק
שימורים ורטבים,שימורים,שימורי טונה ודגים
שימורים ורטבים,שימורים,שימורי תירס
שימורים ורטבים,שימורים,שימורי מלפפונים
שימורים ורטבים,שימורים,שימורי זיתים
שימורים ורטבים,שימורים,שימורים נוספים
קטניות ודגנים,פריכיות וקרקרים,פריכיות
קטניות ודגנים,פריכיות וקרקרים,קרקרים
קטניות ודגנים,פריכיות וקרקרים,"פתית, לחמית וצנימים"
קטניות ודגנים,פריכיות וקרקרים,מצות
קטניות ודגנים,דגנים וחטיפי אנרגיה,דגני ילדים
קטניות ודגנים,דגנים וחטיפי אנרגיה,דגני מבוגרים
קטניות ודגנים,דגנים וחטיפי אנרגיה,קורנפלקס
קטניות ודגנים,דגנים וחטיפי אנרגיה,חטיפי אנרגיה ובריאות
קטניות ודגנים,דגנים וחטיפי אנרגיה,"גרנולה, מוזלי וקוואקר"
קטניות ודגנים,"פסטה, פתיתים וקוסקוס",פסטות וניוקי
קטניות ודגנים,"פסטה, פתיתים וקוסקוס",פתיתים
קטניות ודגנים,"פסטה, פתיתים וקוסקוס",קוסקוס
קטניות ודגנים,"פסטה, פתיתים וקוסקוס",נודלס ואטריות
קטניות ודגנים,אורז וקטניות,אורז
קטניות ודגנים,אורז וקטניות,חיטה ובורגול
קטניות ודגנים,אורז וקטניות,קינואה ותירס
קטניות ודגנים,אורז וקטניות,כוסמת וגריסים
קטניות ודגנים,אורז וקטניות,חומוס ועדשים
קטניות ודגנים,אורז וקטניות,אפונה ושעועית
חטיפים ומתוקים,שוקולדים,בונבוניירות ומארזים
חטיפים ומתוקים,שוקולדים,חטיפי שוקולד מאוגדים
חטיפים ומתוקים,שוקולדים,חטיפי שוקולד בודדים
חטיפים ומתוקים,שוקולדים,טבלאות שוקולד
חטיפים ומתוקים,חטיפים מלוחים,חטיפי צ'יפס ותירס
חטיפים ומתוקים,חטיפים מלוחים,במבה וביסלי
חטיפים ומתוקים,חטיפים מלוחים,בייגלה וגריסני
חטיפים ומתוקים,חטיפים מלוחים,פופקורן
חטיפים ומתוקים,חטיפים מלוחים,חטיפים נוספים
חטיפים ומתוקים,סוכריות ומסטיקים,"ממתקי גומי, ג'לי וטופי"
חטיפים ומתוקים,סוכריות ומסטיקים,מרשמלו
חטיפים ומתוקים,סוכריות ומסטיקים,מסטיקים
חטיפים ומתוקים,סוכריות ומסטיקים,סוכריות
חטיפים ומתוקים,וופלים וביסקוויטים,וופלים
חטיפים ומתוקים,וופלים וביסקוויטים,ביסקוויטים
חטיפים ומתוקים,וופלים וביסקוויטים,גביעי גלידה
חטיפים ומתוקים,עוגות ועוגיות,עוגות אישיות במארז
חטיפים ומתוקים,עוגות ועוגיות,עוגות מוכנות
חטיפים ומתוקים,עוגות ועוגיות,עוגיות חמאה ושוקולד צ'יפס
חטיפים ומתוקים,עוגות ועוגיות,עוגיות סנדוויץ וממולאות
חטיפים ומתוקים,עוגות ועוגיות,עוגיות נוספות
אחזקה וניקיון,ניקוי כלים ומבשמים,נוזל כלים
אחזקה וניקיון,ניקוי כלים ומבשמים,מוצרים למדיח
אחזקה וניקיון,ניקוי כלים ומבשמים,"ברזלית, כרית יפנית וסקוטש"
אחזקה וניקיון,ניקוי כלים ומבשמים,מטהרי אוויר
אחזקה וניקיון,אביזרי ניקיון,מטליות למשטח ולרצפה
אחזקה וניקיון,אביזרי ניקיון,כפפות מסכות ואלכוג'ל
אחזקה וניקיון,אביזרי ניקיון,אביזרי ניקיון לרכב
אחזקה וניקיון,אביזרי ניקיון,כלי ניקיון
אחזקה וניקיון,מוצרי ניקיון לבית,אקונומיקה
אחזקה וניקיון,מוצרי ניקיון לבית,ניקוי אסלה ואמבטיה
אחזקה וניקיון,מוצרי ניקיון לבית,ניקוי רצפות וחלונות
אחזקה וניקיון,מוצרי ניקיון לבית,מסיר אבנית ומסיר שומנים
אחזקה וניקיון,מוצרי ניקיון לבית,חיטוי וניקוי לבית
אחזקה וניקיון,מוצרי ניקיון לבית,ניקוי שטיחים ורהיטים
אחזקה וניקיון,מוצרי כביסה,מרכך כביסה
אחזקה וניקיון,מוצרי כביסה,מרכך כביסה מרוכז
אחזקה וניקיון,מוצרי כביסה,נוזל לכביסה
אחזקה וניקיון,מוצרי כביסה,אבקות כביסה
אחזקה וניקיון,מוצרי כביסה,טבליות וקפסולות לכביסה
אחזקה וניקיון,מוצרי כביסה,מסיר כתמים
אחזקה וניקיון,מוצרי כביסה,מוצרי כביסה נלווים
הכל לבית,קופסאות וכלים,קופסאות לאחסון מזון
הכל לבית,קופסאות וכלים,כלי מטבח
הכל לבית,קופסאות וכלים,מצעים ומגבות
הכל לבית,קופסאות וכלים,"ציוד לאמבטיה, לגינה ולמשרד"
הכל לבית,"מוצרי בע""ח",אביזרים לבעלי חיים
הכל לבית,"מוצרי בע""ח",מזון לכלבים
הכל לבית,"מוצרי בע""ח",מזון לחתולים
הכל לבית,הלבשה,ביגוד בסיסי
הכל לבית,מוצרי חשמל,חשמל לבית
הכל לבית,מוצרי חשמל,סוללות ואביזרים לסלולר
הכל לבית,מוצרי חשמל,קומקומים
חד פעמי ומתכלה,חד פעמי,צלחות חד פעמי
חד פעמי ומתכלה,חד פעמי,"סכו""ם חד פעמי"
חד פעמי ומתכלה,חד פעמי,כוסות וקשים חד פעמי
חד פעמי ומתכלה,חד פעמי,מפות ומפיות שולחן
חד פעמי ומתכלה,חד פעמי,כלי הגשה ואחסון חד פעמי
חד פעמי ומתכלה,מוצרי נייר,נייר טואלט
חד פעמי ומתכלה,מוצרי נייר,מגבות נייר
חד פעמי ומתכלה,מוצרי נייר,ממחטות ומפיות
חד פעמי ומתכלה,"עטיפות, שקיות ותבניות",תבניות אפייה
חד פעמי ומתכלה,"עטיפות, שקיות ותבניות",רדיד אלומיניום וניילון נצמד
חד פעמי ומתכלה,"עטיפות, שקיות ותבניות",נייר אפייה
חד פעמי ומתכלה,"עטיפות, שקיות ותבניות",שקיות למזון
חד פעמי ומתכלה,"עטיפות, שקיות ותבניות",שקיות אשפה ואחסון
חד פעמי ומתכלה,"נרות, גפרורים ופיקניק",גפרורים ומצתים
חד פעמי ומתכלה,"נרות, גפרורים ופיקניק",נרות
חד פעמי ומתכלה,"נרות, גפרורים ופיקניק",כלים למנגל ולפיקניק
חד פעמי ומתכלה,"נרות, גפרורים ופיקניק","שיפודים, פחמים ומוצרים נלווים"
פארם,דאודורנט,דאודורנט ספריי לאישה
פארם,דאודורנט,דאודורנט סטיק לאישה
פארם,דאודורנט,דאודורנט רול און לאישה
פארם,דאודורנט,דאודורנט ספריי לגבר
פארם,דאודורנט,דאודורנט סטיק לגבר
פארם,דאודורנט,דאודורנט רול און לגבר
פארם,טיפוח וצביעה,מוצרי טיפוח פנים
פארם,טיפוח וצביעה,טיפוח ידיים וציפורניים
פארם,טיפוח וצביעה,עיצוב שיער וצבעי שיער
פארם,טיפוח וצביעה,מוצרי הגנה מהשמש
פארם,מוצרי היגיינה,מגני תחתון
פארם,מוצרי היגיינה,תחבושות היגייניות
פארם,מוצרי היגיינה,טמפונים
פארם,מוצרי היגיינה,צמר גפן וקיסמי אוזניים
פארם,מוצרי היגיינה,פלסטרים
פארם,היגיינת הפה,מברשות שיניים
פארם,היגיינת הפה,משחות שיניים למבוגרים
פארם,היגיינת הפה,משחות שיניים לילדים
פארם,היגיינת הפה,משחות מיוחדות
פארם,היגיינת הפה,מי פה ושטיפה דנטלית
פארם,היגיינת הפה,קיסמי שיניים וחוט דנטלי
פארם,גילוח והסרת שיער,סכיני גילוח
פארם,גילוח והסרת שיער,מוצרי הסרת שיער לנשים
פארם,גילוח והסרת שיער,תכשירי גילוח לגבר
פארם,"שמפו, מרכך וטיפוח הגוף",שמפו ומרכך
פארם,"שמפו, מרכך וטיפוח הגוף",תחליב רחצה
פארם,"שמפו, מרכך וטיפוח הגוף",מסכות וקרם לשיער
פארם,"שמפו, מרכך וטיפוח הגוף",מוצרי טיפוח לגוף
פארם,"שמפו, מרכך וטיפוח הגוף",אביזרי רחצה
פארם,"שמפו, מרכך וטיפוח הגוף",סבון נוזלי ומוצק
תינוקות,מזון לתינוקות,דייסה לתינוק
תינוקות,מזון לתינוקות,תחליפי חלב לתינוק
תינוקות,מזון לתינוקות,ביסקוויטים וחטיפים לתינוק
תינוקות,מזון לתינוקות,מחית לתינוק
תינוקות,חיתולים ומגבונים,חיתולים
תינוקות,חיתולים ומגבונים,מגבונים
תינוקות,טיפוח ואביזרי תינוקות וילדים,שמפו ומרכך לילדים ותינוקות
תינוקות,טיפוח ואביזרי תינוקות וילדים,סבון נוזלי לילדים ותינוקות
תינוקות,טיפוח ואביזרי תינוקות וילדים,מוצרי היגיינה לתינוק
תינוקות,טיפוח ואביזרי תינוקות וילדים,"בקבוקים, מוצצים ואביזרים לתינוק"
לחמים ומאפים,מאפים,מאפים מתוקים
לחמים ומאפים,מאפים,מאפים מלוחים
לחמים ומאפים,לחמים,פיתות
לחמים ומאפים,לחמים,לחמניות
לחמים ומאפים,לחמים,לחמים
לחמים ומאפים,לחמים,טורטיות
לחמים ומאפים,לחמים,חלות
